Symbol,Company,StartDate,EndDate
ADANIENT,ADANIENT,2015-11-21,
ADANIPORTS,ADANIPORTS,2015-11-21,
APOLLOHOSP,APOLLOHOSP,2015-11-21,
ASIANPAINT,ASIANPAINT,2015-11-21,
AXISBANK,AXISBANK,2015-11-21,
BAJAJ-AUTO,BAJAJ-AUTO,2015-11-21,
BAJAJFINSV,BAJAJFINSV,2015-11-21,
BAJFINANCE,BAJFINANCE,2015-11-21,
BEL,BEL,2015-11-21,
BHARTIARTL,BHARTIARTL,2015-11-21,
CIPLA,CIPLA,2015-11-21,
COALINDIA,COALINDIA,2015-11-21,
DRREDDY,DRREDDY,2015-11-21,
EICHERMOT,EICHERMOT,2015-11-21,
ETERNAL,ETERNAL,2015-11-21,
GRASIM,GRASIM,2015-11-21,
HCLTECH,HCLTECH,2015-11-21,
HDFCBANK,HDFCBANK,2015-11-21,
HDFCLIFE,HDFCLIFE,2015-11-21,
HINDALCO,HINDALCO,2015-11-21,
HINDUNILVR,HINDUNILVR,2015-11-21,
ICICIBANK,ICICIBANK,2015-11-21,
INDIGO,INDIGO,2015-11-21,
INFY,INFY,2015-11-21,
ITC,ITC,2015-11-21,
JIOFIN,JIOFIN,2015-11-21,
JSWSTEEL,JSWSTEEL,2015-11-21,
KOTAKBANK,KOTAKBANK,2015-11-21,
LT,LT,2015-11-21,
M&M,M&M,2015-11-21,
MARUTI,MARUTI,2015-11-21,
MAXHEALTH,MAXHEALTH,2015-11-21,
NESTLEIND,NESTLEIND,2015-11-21,
NTPC,NTPC,2015-11-21,
ONGC,ONGC,2015-11-21,
POWERGRID,POWERGRID,2015-11-21,
RELIANCE,RELIANCE,2015-11-21,
SBILIFE,SBILIFE,2015-11-21,
SBIN,SBIN,2015-11-21,
SHRIRAMFIN,SHRIRAMFIN,2015-11-21,
SUNPHARMA,SUNPHARMA,2015-11-21,
TATACONSUM,TATACONSUM,2015-11-21,
TATASTEEL,TATASTEEL,2015-11-21,
TCS,TCS,2015-11-21,
TECHM,TECHM,2015-11-21,
TITAN,TITAN,2015-11-21,
TMPV,TMPV,2015-11-21,
TRENT,TRENT,2015-11-21,
ULTRACEMCO,ULTRACEMCO,2015-11-21,
WIPRO,WIPRO,2015-11-21,
